fabricante,proveedor
Empresa 0,Empresa 157
Empresa 0,Empresa 192
Empresa 0,Empresa 54
Empresa 0,Empresa 144
Empresa 0,Empresa 7
Empresa 2,Empresa 72
Empresa 2,Empresa 41
Empresa 3,Empresa 144
Empresa 3,Empresa 7
Empresa 3,Empresa 40
Empresa 3,Empresa 154
Empresa 3,Empresa 132
Empresa 4,Empresa 171
Empresa 4,Empresa 157
Empresa 4,Empresa 157
Empresa 4,Empresa 28
Empresa 8,Empresa 76
Empresa 8,Empresa 132
Empresa 8,Empresa 14
Empresa 8,Empresa 141
Empresa 12,Empresa 51
Empresa 12,Empresa 130
Empresa 13,Empresa 5
Empresa 18,Empresa 76
Empresa 18,Empresa 75
Empresa 18,Empresa 135
Empresa 18,Empresa 133
Empresa 19,Empresa 89
Empresa 19,Empresa 199
Empresa 19,Empresa 132
Empresa 21,Empresa 69
Empresa 26,Empresa 23
Empresa 26,Empresa 69
Empresa 26,Empresa 49
Empresa 27,Empresa 71
Empresa 27,Empresa 14
Empresa 27,Empresa 166
Empresa 30,Empresa 1
Empresa 30,Empresa 51
Empresa 31,Empresa 195
Empresa 31,Empresa 87
Empresa 31,Empresa 17
Empresa 31,Empresa 143
Empresa 32,Empresa 199
Empresa 32,Empresa 75
Empresa 32,Empresa 148
Empresa 32,Empresa 159
Empresa 34,Empresa 132
Empresa 34,Empresa 17
Empresa 34,Empresa 184
Empresa 34,Empresa 141
Empresa 34,Empresa 40
Empresa 35,Empresa 62
Empresa 35,Empresa 176
Empresa 36,Empresa 89
Empresa 36,Empresa 15
Empresa 36,Empresa 6
Empresa 39,Empresa 195
Empresa 42,Empresa 66
Empresa 43,Empresa 162
Empresa 43,Empresa 144
Empresa 44,Empresa 128
Empresa 45,Empresa 187
Empresa 50,Empresa 59
Empresa 50,Empresa 87
Empresa 50,Empresa 106
Empresa 50,Empresa 75
Empresa 50,Empresa 119
Empresa 52,Empresa 46
Empresa 52,Empresa 91
Empresa 53,Empresa 143
Empresa 53,Empresa 69
Empresa 53,Empresa 164
Empresa 55,Empresa 64
Empresa 55,Empresa 135
Empresa 55,Empresa 137
Empresa 55,Empresa 136
Empresa 60,Empresa 185
Empresa 60,Empresa 49
Empresa 60,Empresa 61
Empresa 60,Empresa 66
Empresa 63,Empresa 1
Empresa 63,Empresa 162
Empresa 63,Empresa 72
Empresa 63,Empresa 1
Empresa 67,Empresa 100
Empresa 67,Empresa 159
Empresa 67,Empresa 89
Empresa 67,Empresa 131
Empresa 73,Empresa 6
Empresa 73,Empresa 137
Empresa 73,Empresa 75
Empresa 74,Empresa 23
Empresa 74,Empresa 62
Empresa 77,Empresa 157
Empresa 77,Empresa 69
Empresa 77,Empresa 177
Empresa 77,Empresa 89
Empresa 78,Empresa 106
Empresa 78,Empresa 198
Empresa 80,Empresa 185
Empresa 80,Empresa 38
Empresa 80,Empresa 113
Empresa 80,Empresa 66
Empresa 81,Empresa 123
Empresa 81,Empresa 191
Empresa 81,Empresa 185
Empresa 81,Empresa 24
Empresa 82,Empresa 123
Empresa 82,Empresa 143
Empresa 83,Empresa 191
Empresa 83,Empresa 195
Empresa 84,Empresa 162
Empresa 85,Empresa 89
Empresa 85,Empresa 17
Empresa 85,Empresa 7
Empresa 85,Empresa 29
Empresa 85,Empresa 58
Empresa 88,Empresa 47
Empresa 88,Empresa 134
Empresa 88,Empresa 129
Empresa 88,Empresa 142
Empresa 88,Empresa 11
Empresa 90,Empresa 71
Empresa 90,Empresa 37
Empresa 90,Empresa 24
Empresa 92,Empresa 166
Empresa 92,Empresa 185
Empresa 92,Empresa 66
Empresa 92,Empresa 187
Empresa 92,Empresa 175
Empresa 94,Empresa 130
Empresa 94,Empresa 137
Empresa 94,Empresa 177
Empresa 96,Empresa 109
Empresa 96,Empresa 91
Empresa 96,Empresa 137
Empresa 96,Empresa 154
Empresa 97,Empresa 162
Empresa 98,Empresa 134
Empresa 99,Empresa 79
Empresa 99,Empresa 40
Empresa 101,Empresa 125
Empresa 101,Empresa 154
Empresa 101,Empresa 138
Empresa 101,Empresa 138
Empresa 101,Empresa 132
Empresa 102,Empresa 100
Empresa 102,Empresa 109
Empresa 102,Empresa 6
Empresa 102,Empresa 176
Empresa 102,Empresa 22
Empresa 103,Empresa 22
Empresa 103,Empresa 176
Empresa 103,Empresa 191
Empresa 103,Empresa 106
Empresa 103,Empresa 1
Empresa 105,Empresa 46
Empresa 111,Empresa 184
Empresa 111,Empresa 134
Empresa 111,Empresa 69
Empresa 111,Empresa 134
Empresa 111,Empresa 176
Empresa 112,Empresa 49
Empresa 112,Empresa 9
Empresa 112,Empresa 175
Empresa 114,Empresa 144
Empresa 114,Empresa 20
Empresa 115,Empresa 130
Empresa 115,Empresa 123
Empresa 115,Empresa 185
Empresa 115,Empresa 110
Empresa 116,Empresa 37
Empresa 116,Empresa 194
Empresa 116,Empresa 113
Empresa 117,Empresa 25
Empresa 117,Empresa 68
Empresa 117,Empresa 141
Empresa 118,Empresa 64
Empresa 118,Empresa 166
Empresa 118,Empresa 159
Empresa 118,Empresa 125
Empresa 118,Empresa 107
Empresa 120,Empresa 65
Empresa 120,Empresa 23
Empresa 120,Empresa 113
Empresa 120,Empresa 151
Empresa 121,Empresa 143
Empresa 122,Empresa 198
Empresa 124,Empresa 14
Empresa 124,Empresa 71
Empresa 124,Empresa 57
Empresa 124,Empresa 135
Empresa 124,Empresa 142
Empresa 126,Empresa 68
Empresa 126,Empresa 70
Empresa 126,Empresa 109
Empresa 126,Empresa 144
Empresa 126,Empresa 175
Empresa 127,Empresa 10
Empresa 127,Empresa 194
Empresa 127,Empresa 41
Empresa 127,Empresa 51
Empresa 139,Empresa 132
Empresa 140,Empresa 41
Empresa 145,Empresa 58
Empresa 145,Empresa 28
Empresa 146,Empresa 11
Empresa 147,Empresa 148
Empresa 147,Empresa 175
Empresa 147,Empresa 143
Empresa 147,Empresa 28
Empresa 150,Empresa 56
Empresa 150,Empresa 56
Empresa 150,Empresa 58
Empresa 152,Empresa 48
Empresa 153,Empresa 71
Empresa 156,Empresa 136
Empresa 156,Empresa 49
Empresa 156,Empresa 93
Empresa 156,Empresa 125
Empresa 156,Empresa 91
Empresa 158,Empresa 29
Empresa 158,Empresa 95
Empresa 158,Empresa 176
Empresa 158,Empresa 15
Empresa 160,Empresa 125
Empresa 161,Empresa 86
Empresa 163,Empresa 157
Empresa 163,Empresa 25
Empresa 167,Empresa 131
Empresa 167,Empresa 70
Empresa 167,Empresa 135
Empresa 168,Empresa 134
Empresa 169,Empresa 17
Empresa 169,Empresa 162
Empresa 169,Empresa 198
Empresa 170,Empresa 144
Empresa 170,Empresa 132
Empresa 172,Empresa 75
Empresa 173,Empresa 151
Empresa 173,Empresa 198
Empresa 173,Empresa 5
Empresa 173,Empresa 86
Empresa 173,Empresa 171
Empresa 174,Empresa 199
Empresa 174,Empresa 194
Empresa 174,Empresa 165
Empresa 174,Empresa 72
Empresa 174,Empresa 9
Empresa 178,Empresa 1
Empresa 178,Empresa 1
Empresa 179,Empresa 191
Empresa 179,Empresa 137
Empresa 179,Empresa 155
Empresa 179,Empresa 138
Empresa 180,Empresa 22
Empresa 180,Empresa 134
Empresa 180,Empresa 17
Empresa 180,Empresa 5
Empresa 181,Empresa 155
Empresa 181,Empresa 113
Empresa 181,Empresa 25
Empresa 181,Empresa 184
Empresa 182,Empresa 49
Empresa 182,Empresa 123
Empresa 182,Empresa 176
Empresa 182,Empresa 11
Empresa 182,Empresa 28
Empresa 183,Empresa 128
Empresa 183,Empresa 136
Empresa 183,Empresa 187
Empresa 183,Empresa 184
Empresa 183,Empresa 106
Empresa 186,Empresa 192
Empresa 186,Empresa 135
Empresa 186,Empresa 142
Empresa 186,Empresa 33
Empresa 188,Empresa 29
Empresa 188,Empresa 177
Empresa 188,Empresa 46
Empresa 189,Empresa 138
Empresa 189,Empresa 113
Empresa 189,Empresa 5
Empresa 189,Empresa 155
Empresa 190,Empresa 136
Empresa 190,Empresa 104
Empresa 190,Empresa 137
Empresa 190,Empresa 16
Empresa 193,Empresa 130
Empresa 193,Empresa 199
Empresa 193,Empresa 68
Empresa 193,Empresa 130
Empresa 196,Empresa 100
Empresa 196,Empresa 187
Empresa 197,Empresa 71
Empresa 197,Empresa 100
Empresa 197,Empresa 155
Empresa 197,Empresa 76
