0,1
documento,tienda
0,Tienda 388
3,Tienda 359
6,Tienda 48
17,Tienda 389
24,Tienda 367
29,Tienda 290
30,Tienda 350
31,Tienda 130
37,Tienda 308
38,Tienda 24
39,Tienda 180
40,Tienda 341
43,Tienda 454
44,Tienda 410
50,Tienda 412
54,Tienda 353
57,Tienda 281
58,Tienda 57
69,Tienda 58
74,Tienda 183
76,Tienda 289
81,Tienda 110
82,Tienda 346
86,Tienda 418
87,Tienda 404
90,Tienda 474
92,Tienda 208
93,Tienda 31
96,Tienda 285
105,Tienda 442
106,Tienda 131
107,Tienda 250
110,Tienda 409
111,Tienda 30
114,Tienda 354
122,Tienda 31
124,Tienda 307
125,Tienda 210
132,Tienda 430
138,Tienda 464
139,Tienda 66
143,Tienda 267
150,Tienda 429
151,Tienda 468
157,Tienda 384
159,Tienda 434
163,Tienda 100
165,Tienda 86
170,Tienda 11
172,Tienda 170
173,Tienda 68
174,Tienda 298
175,Tienda 205
177,Tienda 405
178,Tienda 355
179,Tienda 148
180,Tienda 415
181,Tienda 30
182,Tienda 239
184,Tienda 444
187,Tienda 297
189,Tienda 338
192,Tienda 323
193,Tienda 319
194,Tienda 326
195,Tienda 341
198,Tienda 160
204,Tienda 200
205,Tienda 375
207,Tienda 58
208,Tienda 141
209,Tienda 260
210,Tienda 138
211,Tienda 259
212,Tienda 147
219,Tienda 309
223,Tienda 1
227,Tienda 358
234,Tienda 190
235,Tienda 367
237,Tienda 31
239,Tienda 213
244,Tienda 85
245,Tienda 16
246,Tienda 448
249,Tienda 408
251,Tienda 169
254,Tienda 239
255,Tienda 495
258,Tienda 420
259,Tienda 425
260,Tienda 464
261,Tienda 106
264,Tienda 436
266,Tienda 346
269,Tienda 243
272,Tienda 401
279,Tienda 281
282,Tienda 305
283,Tienda 432
284,Tienda 132
292,Tienda 390
293,Tienda 376
294,Tienda 27
299,Tienda 94
300,Tienda 452
308,Tienda 148
309,Tienda 233
314,Tienda 240
315,Tienda 349
327,Tienda 469
335,Tienda 211
337,Tienda 382
338,Tienda 79
340,Tienda 205
347,Tienda 361
348,Tienda 498
350,Tienda 465
357,Tienda 259
359,Tienda 42
361,Tienda 474
368,Tienda 28
370,Tienda 431
371,Tienda 11
377,Tienda 232
383,Tienda 186
385,Tienda 194
387,Tienda 435
396,Tienda 11
397,Tienda 372
398,Tienda 497
399,Tienda 409
403,Tienda 168
408,Tienda 364
409,Tienda 251
410,Tienda 489
411,Tienda 168
413,Tienda 72
418,Tienda 452
421,Tienda 404
427,Tienda 150
431,Tienda 350
432,Tienda 31
435,Tienda 450
437,Tienda 428
438,Tienda 481
441,Tienda 404
443,Tienda 407
450,Tienda 182
453,Tienda 297
456,Tienda 483
457,Tienda 124
462,Tienda 194
465,Tienda 42
466,Tienda 204
469,Tienda 360
471,Tienda 263
479,Tienda 482
480,Tienda 323
483,Tienda 249
491,Tienda 368
493,Tienda 288
502,Tienda 19
505,Tienda 478
511,Tienda 12
512,Tienda 369
520,Tienda 328
521,Tienda 324
522,Tienda 205
525,Tienda 400
526,Tienda 251
529,Tienda 219
530,Tienda 476
531,Tienda 369
532,Tienda 383
533,Tienda 142
537,Tienda 202
538,Tienda 57
545,Tienda 52
546,Tienda 455
552,Tienda 157
553,Tienda 121
555,Tienda 36
557,Tienda 422
559,Tienda 13
563,Tienda 346
566,Tienda 364
571,Tienda 57
573,Tienda 209
574,Tienda 320
583,Tienda 382
585,Tienda 338
598,Tienda 345
599,Tienda 143
600,Tienda 31
602,Tienda 93
604,Tienda 34
612,Tienda 138
614,Tienda 280
617,Tienda 46
626,Tienda 262
630,Tienda 302
631,Tienda 277
632,Tienda 89
634,Tienda 347
636,Tienda 171
641,Tienda 28
646,Tienda 400
652,Tienda 27
654,Tienda 448
660,Tienda 162
663,Tienda 54
664,Tienda 392
665,Tienda 67
668,Tienda 110
669,Tienda 227
674,Tienda 311
675,Tienda 332
677,Tienda 150
683,Tienda 325
685,Tienda 341
689,Tienda 437
691,Tienda 19
693,Tienda 67
694,Tienda 392
697,Tienda 53
698,Tienda 436
699,Tienda 295
703,Tienda 331
706,Tienda 218
708,Tienda 268
709,Tienda 349
718,Tienda 474
724,Tienda 499
727,Tienda 485
728,Tienda 104
735,Tienda 131
737,Tienda 226
738,Tienda 234
740,Tienda 436
741,Tienda 383
742,Tienda 463
743,Tienda 475
744,Tienda 145
746,Tienda 233
752,Tienda 450
758,Tienda 19
759,Tienda 351
760,Tienda 76
768,Tienda 249
770,Tienda 9
772,Tienda 180
773,Tienda 473
774,Tienda 280
781,Tienda 60
782,Tienda 230
783,Tienda 273
784,Tienda 13
791,Tienda 435
793,Tienda 286
797,Tienda 336
801,Tienda 286
802,Tienda 18
803,Tienda 30
805,Tienda 499
813,Tienda 190
814,Tienda 275
816,Tienda 42
820,Tienda 435
826,Tienda 68
828,Tienda 2
834,Tienda 329
835,Tienda 335
836,Tienda 22
841,Tienda 449
842,Tienda 487
843,Tienda 226
850,Tienda 471
852,Tienda 457
859,Tienda 99
862,Tienda 226
864,Tienda 275
866,Tienda 441
869,Tienda 325
873,Tienda 147
876,Tienda 32
879,Tienda 222
881,Tienda 320
894,Tienda 333
896,Tienda 46
899,Tienda 65
912,Tienda 402
913,Tienda 88
916,Tienda 329
921,Tienda 312
922,Tienda 130
930,Tienda 278
936,Tienda 299
937,Tienda 6
939,Tienda 321
940,Tienda 141
944,Tienda 104
945,Tienda 348
951,Tienda 70
952,Tienda 249
956,Tienda 66
958,Tienda 364
960,Tienda 440
962,Tienda 336
965,Tienda 239
966,Tienda 437
968,Tienda 83
969,Tienda 358
970,Tienda 214
972,Tienda 58
979,Tienda 45
980,Tienda 209
983,Tienda 336
984,Tienda 178
986,Tienda 179
995,Tienda 319
996,Tienda 496
997,Tienda 190
999,Tienda 16
1000,Tienda 171
1004,Tienda 298
1008,Tienda 435
1010,Tienda 307
1014,Tienda 311
1022,Tienda 44
1030,Tienda 411
1036,Tienda 218
1040,Tienda 492
1045,Tienda 46
1046,Tienda 142
1048,Tienda 1
1053,Tienda 166
1056,Tienda 395
1057,Tienda 328
1060,Tienda 443
1061,Tienda 321
1064,Tienda 91
1067,Tienda 5
1068,Tienda 68
1072,Tienda 490
1074,Tienda 444
1075,Tienda 101
1077,Tienda 408
1079,Tienda 462
1082,Tienda 232
1086,Tienda 65
1088,Tienda 437
1090,Tienda 352
1094,Tienda 254
1095,Tienda 186
1096,Tienda 41
1099,Tienda 116
1100,Tienda 2
1104,Tienda 65
1107,Tienda 169
1112,Tienda 280
1114,Tienda 136
1116,Tienda 392
1117,Tienda 312
1124,Tienda 419
1125,Tienda 394
1128,Tienda 43
1136,Tienda 344
1139,Tienda 175
1141,Tienda 190
1144,Tienda 350
1148,Tienda 143
1157,Tienda 182
1159,Tienda 189
1163,Tienda 257
1165,Tienda 306
1172,Tienda 419
1180,Tienda 210
1181,Tienda 307
1182,Tienda 293
1191,Tienda 306
1192,Tienda 357
1197,Tienda 100
1199,Tienda 245
1202,Tienda 407
1204,Tienda 92
1207,Tienda 41
1209,Tienda 33
1210,Tienda 302
1211,Tienda 444
1212,Tienda 401
1215,Tienda 85
1216,Tienda 146
1219,Tienda 419
1224,Tienda 490
1230,Tienda 273
1245,Tienda 491
1246,Tienda 258
1247,Tienda 25
1249,Tienda 454
1257,Tienda 479
1262,Tienda 456
1265,Tienda 289
1274,Tienda 443
1275,Tienda 300
1276,Tienda 347
1280,Tienda 371
1281,Tienda 160
1285,Tienda 361
1286,Tienda 309
1289,Tienda 111
1290,Tienda 495
1292,Tienda 36
1295,Tienda 455
1296,Tienda 256
1298,Tienda 250
1299,Tienda 131
1301,Tienda 195
1305,Tienda 210
1307,Tienda 162
1308,Tienda 365
1309,Tienda 49
1310,Tienda 247
1313,Tienda 464
1317,Tienda 331
1319,Tienda 251
1320,Tienda 460
1323,Tienda 45
1326,Tienda 51
1327,Tienda 239
1328,Tienda 147
1329,Tienda 246
1330,Tienda 296
1331,Tienda 45
1333,Tienda 239
1336,Tienda 131
1341,Tienda 270
1344,Tienda 307
1346,Tienda 136
1349,Tienda 143
1350,Tienda 267
1356,Tienda 34
1361,Tienda 316
1364,Tienda 402
1369,Tienda 64
1375,Tienda 460
1380,Tienda 412
1383,Tienda 61
1385,Tienda 415
1386,Tienda 92
1393,Tienda 59
1394,Tienda 55
1396,Tienda 376
1402,Tienda 121
1404,Tienda 457
1407,Tienda 298
1411,Tienda 218
1413,Tienda 83
1414,Tienda 279
1417,Tienda 365
1427,Tienda 169
1433,Tienda 233
1435,Tienda 332
1437,Tienda 6
1440,Tienda 57
1442,Tienda 208
1445,Tienda 138
1450,Tienda 329
1451,Tienda 21
1457,Tienda 328
1458,Tienda 111
1461,Tienda 239
1468,Tienda 206
1470,Tienda 474
1475,Tienda 151
1476,Tienda 471
1480,Tienda 466
1485,Tienda 234
1486,Tienda 47
1491,Tienda 143
1492,Tienda 92
1497,Tienda 22
1500,Tienda 97
1501,Tienda 89
1503,Tienda 36
1505,Tienda 63
1511,Tienda 137
1513,Tienda 145
1514,Tienda 424
1515,Tienda 397
1518,Tienda 12
1530,Tienda 59
1534,Tienda 244
1538,Tienda 20
1545,Tienda 87
1546,Tienda 166
1548,Tienda 415
1551,Tienda 17
1554,Tienda 44
1555,Tienda 250
1560,Tienda 224
1564,Tienda 220
1573,Tienda 3
1574,Tienda 463
1576,Tienda 111
1577,Tienda 351
1579,Tienda 397
1583,Tienda 240
1584,Tienda 232
1587,Tienda 495
1592,Tienda 407
1596,Tienda 234
1599,Tienda 157
1604,Tienda 10
1605,Tienda 270
1606,Tienda 38
1608,Tienda 205
1611,Tienda 165
1612,Tienda 456
1614,Tienda 293
1617,Tienda 327
1619,Tienda 374
1632,Tienda 63
1635,Tienda 196
1636,Tienda 168
1637,Tienda 66
1638,Tienda 430
1645,Tienda 144
1647,Tienda 250
1652,Tienda 142
1654,Tienda 361
1657,Tienda 108
1659,Tienda 335
1660,Tienda 338
1664,Tienda 333
1666,Tienda 471
1668,Tienda 224
1669,Tienda 185
1671,Tienda 391
1675,Tienda 71
1676,Tienda 484
1677,Tienda 395
1678,Tienda 57
1680,Tienda 301
1688,Tienda 452
1695,Tienda 127
1696,Tienda 171
1701,Tienda 442
1704,Tienda 224
1705,Tienda 173
1714,Tienda 11
1717,Tienda 411
1718,Tienda 9
1719,Tienda 313
1729,Tienda 18
1731,Tienda 415
1733,Tienda 43
1740,Tienda 275
1741,Tienda 485
1743,Tienda 56
1745,Tienda 495
1746,Tienda 425
1748,Tienda 455
1752,Tienda 237
1753,Tienda 216
1759,Tienda 211
1760,Tienda 139
1764,Tienda 207
1769,Tienda 5
1770,Tienda 247
1774,Tienda 365
1777,Tienda 60
1779,Tienda 221
1780,Tienda 44
1783,Tienda 405
1785,Tienda 228
1787,Tienda 322
1789,Tienda 450
1792,Tienda 365
1794,Tienda 261
1795,Tienda 376
1797,Tienda 254
1801,Tienda 392
1802,Tienda 120
1803,Tienda 110
1808,Tienda 173
1812,Tienda 71
1821,Tienda 34
1822,Tienda 197
1823,Tienda 341
1825,Tienda 399
1827,Tienda 392
1829,Tienda 61
1831,Tienda 114
1833,Tienda 387
1834,Tienda 10
1835,Tienda 165
1838,Tienda 60
1839,Tienda 101
1842,Tienda 96
1843,Tienda 470
1844,Tienda 358
1849,Tienda 261
1850,Tienda 318
1854,Tienda 399
1861,Tienda 447
1866,Tienda 334
1868,Tienda 484
1869,Tienda 115
1870,Tienda 424
1873,Tienda 285
1874,Tienda 106
1886,Tienda 129
1887,Tienda 436
1889,Tienda 344
1893,Tienda 213
1902,Tienda 328
1903,Tienda 138
1905,Tienda 303
1906,Tienda 146
1912,Tienda 48
1915,Tienda 59
1917,Tienda 58
1918,Tienda 487
1919,Tienda 429
1922,Tienda 405
1925,Tienda 92
1928,Tienda 192
1929,Tienda 484
1933,Tienda 305
1935,Tienda 376
1936,Tienda 219
1938,Tienda 105
1939,Tienda 477
1941,Tienda 343
1944,Tienda 34
1947,Tienda 464
1950,Tienda 1
1958,Tienda 467
1960,Tienda 444
1961,Tienda 467
1962,Tienda 415
1963,Tienda 115
1964,Tienda 227
1966,Tienda 343
1967,Tienda 154
1971,Tienda 31
1974,Tienda 139
1979,Tienda 385
1980,Tienda 437
1982,Tienda 327
1984,Tienda 288
1990,Tienda 319
1993,Tienda 124
1994,Tienda 394
1995,Tienda 176
1998,Tienda 414
2001,Tienda 498
2004,Tienda 419
2006,Tienda 410
2007,Tienda 256
2008,Tienda 196
2010,Tienda 381
2011,Tienda 409
2014,Tienda 230
2021,Tienda 391
2023,Tienda 222
2025,Tienda 23
2029,Tienda 481
2032,Tienda 67
2034,Tienda 123
2036,Tienda 15
2040,Tienda 318
2041,Tienda 351
2046,Tienda 316
2051,Tienda 36
2053,Tienda 391
2056,Tienda 171
2057,Tienda 102
2058,Tienda 470
2060,Tienda 86
2061,Tienda 389
2064,Tienda 187
2070,Tienda 197
2075,Tienda 31
2077,Tienda 300
2078,Tienda 150
2081,Tienda 249
2084,Tienda 260
2088,Tienda 233
2090,Tienda 117
2093,Tienda 285
2098,Tienda 438
2100,Tienda 272
2102,Tienda 89
2103,Tienda 338
2120,Tienda 235
2121,Tienda 286
2123,Tienda 154
2128,Tienda 267
2133,Tienda 72
2138,Tienda 130
2139,Tienda 0
2143,Tienda 414
2144,Tienda 206
2147,Tienda 249
2150,Tienda 262
2155,Tienda 328
2162,Tienda 250
2164,Tienda 164
2166,Tienda 321
2167,Tienda 223
2172,Tienda 430
2173,Tienda 372
2181,Tienda 110
2185,Tienda 393
2187,Tienda 234
2188,Tienda 136
2190,Tienda 173
2191,Tienda 273
2192,Tienda 465
2193,Tienda 452
2194,Tienda 168
2204,Tienda 78
2207,Tienda 220
2208,Tienda 204
2209,Tienda 320
2213,Tienda 19
2217,Tienda 162
2218,Tienda 335
2221,Tienda 58
2223,Tienda 9
2224,Tienda 142
2226,Tienda 369
2227,Tienda 366
2231,Tienda 426
2232,Tienda 107
2238,Tienda 47
2242,Tienda 61
2243,Tienda 128
2244,Tienda 465
2245,Tienda 370
2246,Tienda 205
2249,Tienda 8
2250,Tienda 482
2260,Tienda 285
2261,Tienda 226
2262,Tienda 229
2265,Tienda 123
2270,Tienda 247
2271,Tienda 110
2273,Tienda 200
2274,Tienda 26
2275,Tienda 380
2279,Tienda 375
2280,Tienda 163
2286,Tienda 38
2288,Tienda 45
2290,Tienda 390
2291,Tienda 60
2295,Tienda 0
2296,Tienda 465
2298,Tienda 49
2305,Tienda 178
2312,Tienda 244
2313,Tienda 440
2315,Tienda 443
2317,Tienda 379
2319,Tienda 485
2322,Tienda 14
2326,Tienda 444
2328,Tienda 74
2335,Tienda 175
2338,Tienda 53
2341,Tienda 263
2342,Tienda 469
2346,Tienda 141
2355,Tienda 352
2357,Tienda 280
2359,Tienda 134
2360,Tienda 350
2361,Tienda 236
2362,Tienda 438
2363,Tienda 290
2365,Tienda 298
2367,Tienda 314
2370,Tienda 374
2371,Tienda 157
2372,Tienda 290
2373,Tienda 12
2376,Tienda 394
2379,Tienda 324
2381,Tienda 339
2382,Tienda 34
2386,Tienda 189
2387,Tienda 301
2389,Tienda 54
2391,Tienda 357
2395,Tienda 104
2398,Tienda 92
2401,Tienda 157
2402,Tienda 91
2403,Tienda 89
2404,Tienda 390
2407,Tienda 37
2408,Tienda 425
2409,Tienda 361
2410,Tienda 178
2411,Tienda 212
2415,Tienda 439
2418,Tienda 417
2424,Tienda 335
2426,Tienda 427
2429,Tienda 484
2432,Tienda 313
2434,Tienda 412
2435,Tienda 487
2442,Tienda 217
2445,Tienda 457
2449,Tienda 363
2450,Tienda 86
2455,Tienda 402
2458,Tienda 112
2461,Tienda 145
2465,Tienda 121
2468,Tienda 148
2474,Tienda 467
2475,Tienda 212
2481,Tienda 148
2493,Tienda 432
2500,Tienda 149
2506,Tienda 362
2507,Tienda 356
2508,Tienda 223
2510,Tienda 162
2515,Tienda 434
2517,Tienda 230
2518,Tienda 497
2522,Tienda 434
2524,Tienda 45
2525,Tienda 457
2530,Tienda 118
2531,Tienda 439
2534,Tienda 8
2536,Tienda 40
2539,Tienda 98
2546,Tienda 360
2548,Tienda 39
2550,Tienda 363
2557,Tienda 228
2560,Tienda 462
2567,Tienda 142
2568,Tienda 482
2574,Tienda 85
2580,Tienda 300
2581,Tienda 43
2582,Tienda 306
2585,Tienda 241
2586,Tienda 488
2588,Tienda 463
2589,Tienda 237
2592,Tienda 104
2595,Tienda 425
2596,Tienda 254
2600,Tienda 56
2602,Tienda 272
2604,Tienda 281
2606,Tienda 117
2608,Tienda 227
2610,Tienda 354
2612,Tienda 113
2614,Tienda 363
2615,Tienda 140
2622,Tienda 216
2623,Tienda 329
2624,Tienda 434
2625,Tienda 299
2629,Tienda 6
2634,Tienda 307
2643,Tienda 297
2650,Tienda 295
2655,Tienda 136
2658,Tienda 298
2662,Tienda 208
2664,Tienda 451
2667,Tienda 296
2668,Tienda 4
2675,Tienda 78
2677,Tienda 305
2680,Tienda 90
2683,Tienda 154
2684,Tienda 110
2685,Tienda 486
2686,Tienda 319
2688,Tienda 265
2689,Tienda 386
2691,Tienda 319
2695,Tienda 76
2699,Tienda 45
2706,Tienda 464
2707,Tienda 440
2708,Tienda 348
2709,Tienda 75
2713,Tienda 242
2714,Tienda 116
2716,Tienda 277
2718,Tienda 271
2721,Tienda 370
2722,Tienda 316
2725,Tienda 105
2727,Tienda 455
2728,Tienda 339
2730,Tienda 141
2732,Tienda 164
2733,Tienda 455
2738,Tienda 370
2739,Tienda 483
2745,Tienda 487
2746,Tienda 75
2748,Tienda 442
2754,Tienda 133
2755,Tienda 456
2756,Tienda 11
2757,Tienda 281
2760,Tienda 343
2768,Tienda 151
2772,Tienda 270
2775,Tienda 251
2779,Tienda 26
2782,Tienda 493
2785,Tienda 480
2804,Tienda 482
2808,Tienda 472
2811,Tienda 40
2813,Tienda 366
2814,Tienda 175
2826,Tienda 241
2830,Tienda 51
2833,Tienda 122
2835,Tienda 61
2836,Tienda 426
2841,Tienda 7
2843,Tienda 433
2844,Tienda 332
2850,Tienda 303
2853,Tienda 349
2866,Tienda 91
2867,Tienda 201
2869,Tienda 473
2879,Tienda 320
2880,Tienda 484
2883,Tienda 383
2884,Tienda 369
2885,Tienda 29
2886,Tienda 245
2890,Tienda 451
2905,Tienda 301
2907,Tienda 230
2919,Tienda 264
2931,Tienda 324
2932,Tienda 174
2939,Tienda 317
2941,Tienda 400
2945,Tienda 481
2954,Tienda 85
2957,Tienda 321
2963,Tienda 398
2966,Tienda 331
2970,Tienda 24
2973,Tienda 223
2977,Tienda 353
2982,Tienda 256
2986,Tienda 16
2988,Tienda 412
2989,Tienda 69
2992,Tienda 148
2993,Tienda 458
2994,Tienda 100
2999,Tienda 54
3004,Tienda 145
3005,Tienda 16
3006,Tienda 292
3016,Tienda 425
3020,Tienda 164
3023,Tienda 19
3025,Tienda 347
3027,Tienda 174
3028,Tienda 499
3030,Tienda 399
3041,Tienda 43
3042,Tienda 209
3049,Tienda 3
3051,Tienda 2
3054,Tienda 114
3055,Tienda 167
3056,Tienda 314
3058,Tienda 301
3059,Tienda 289
3062,Tienda 73
3063,Tienda 463
3074,Tienda 97
3079,Tienda 29
3083,Tienda 385
3085,Tienda 489
3089,Tienda 14
3098,Tienda 395
3100,Tienda 32
3102,Tienda 90
3103,Tienda 280
3105,Tienda 306
3106,Tienda 173
3107,Tienda 334
3111,Tienda 493
3116,Tienda 481
3118,Tienda 198
3119,Tienda 372
3122,Tienda 94
3128,Tienda 493
3130,Tienda 285
3135,Tienda 202
3137,Tienda 150
3139,Tienda 490
3140,Tienda 272
3144,Tienda 13
3145,Tienda 254
3146,Tienda 407
3154,Tienda 220
3157,Tienda 269
3159,Tienda 321
3162,Tienda 323
3167,Tienda 299
3172,Tienda 259
3177,Tienda 445
3183,Tienda 458
3185,Tienda 371
3186,Tienda 28
3187,Tienda 264
3192,Tienda 452
3195,Tienda 147
3196,Tienda 377
3199,Tienda 51
3202,Tienda 85
3205,Tienda 324
3214,Tienda 461
3218,Tienda 55
3219,Tienda 303
3224,Tienda 382
3225,Tienda 360
3229,Tienda 482
3235,Tienda 61
3238,Tienda 59
3240,Tienda 11
3243,Tienda 83
3244,Tienda 79
3247,Tienda 393
3250,Tienda 140
3251,Tienda 44
3252,Tienda 109
3256,Tienda 448
3258,Tienda 353
3263,Tienda 102
3264,Tienda 84
3269,Tienda 315
3273,Tienda 68
3279,Tienda 227
3280,Tienda 211
3284,Tienda 154
3286,Tienda 220
3288,Tienda 216
3289,Tienda 433
3294,Tienda 491
3301,Tienda 49
3303,Tienda 399
3304,Tienda 257
3305,Tienda 293
3307,Tienda 66
3314,Tienda 222
3318,Tienda 437
3323,Tienda 170
3324,Tienda 128
3325,Tienda 228
3330,Tienda 355
3334,Tienda 82
3335,Tienda 410
3340,Tienda 109
3348,Tienda 379
3349,Tienda 61
3350,Tienda 69
3356,Tienda 199
3371,Tienda 462
3372,Tienda 469
3374,Tienda 404
3376,Tienda 36
3380,Tienda 101
3381,Tienda 70
3383,Tienda 372
3387,Tienda 35
3391,Tienda 173
3392,Tienda 143
3393,Tienda 445
3394,Tienda 74
3396,Tienda 98
3401,Tienda 109
3403,Tienda 136
3404,Tienda 204
3406,Tienda 376
3408,Tienda 440
3412,Tienda 8
3414,Tienda 497
3417,Tienda 436
3430,Tienda 212
3432,Tienda 29
3434,Tienda 292
3435,Tienda 474
3442,Tienda 394
3443,Tienda 195
3445,Tienda 424
3446,Tienda 110
3448,Tienda 391
3449,Tienda 33
3450,Tienda 418
3454,Tienda 390
3457,Tienda 134
3460,Tienda 203
3465,Tienda 486
3466,Tienda 224
3469,Tienda 148
3479,Tienda 224
3482,Tienda 354
3486,Tienda 447
3488,Tienda 355
3489,Tienda 402
3491,Tienda 325
3496,Tienda 96
3498,Tienda 320
3504,Tienda 286
3510,Tienda 0
3512,Tienda 275
3514,Tienda 347
3518,Tienda 17
3519,Tienda 60
3521,Tienda 94
3524,Tienda 248
3526,Tienda 449
3527,Tienda 472
3529,Tienda 66
3532,Tienda 29
3533,Tienda 237
3536,Tienda 448
3537,Tienda 313
3538,Tienda 464
3544,Tienda 380
3545,Tienda 328
3549,Tienda 371
3552,Tienda 485
3556,Tienda 378
3557,Tienda 314
3561,Tienda 413
3562,Tienda 428
3567,Tienda 374
3569,Tienda 266
3571,Tienda 103
3576,Tienda 461
3582,Tienda 197
3587,Tienda 265
3590,Tienda 376
3591,Tienda 276
3593,Tienda 54
3594,Tienda 60
3596,Tienda 242
3597,Tienda 94
3598,Tienda 334
3599,Tienda 456
3601,Tienda 274
3602,Tienda 478
3607,Tienda 210
3609,Tienda 64
3612,Tienda 174
3613,Tienda 355
3614,Tienda 66
3615,Tienda 335
3619,Tienda 410
3620,Tienda 451
3621,Tienda 9
3624,Tienda 366
3626,Tienda 11
3631,Tienda 60
3637,Tienda 333
3639,Tienda 314
3644,Tienda 374
3646,Tienda 437
3647,Tienda 309
3648,Tienda 24
3651,Tienda 387
3660,Tienda 280
3665,Tienda 431
3666,Tienda 99
3668,Tienda 283
3678,Tienda 128
3680,Tienda 36
3683,Tienda 466
3684,Tienda 317
3687,Tienda 82
3690,Tienda 450
3695,Tienda 275
3700,Tienda 245
3706,Tienda 231
3709,Tienda 280
3710,Tienda 389
3716,Tienda 281
3717,Tienda 249
3721,Tienda 306
3724,Tienda 498
3725,Tienda 495
3727,Tienda 446
3729,Tienda 367
3731,Tienda 16
3735,Tienda 461
3736,Tienda 279
3740,Tienda 162
3744,Tienda 302
3749,Tienda 178
3751,Tienda 271
3756,Tienda 16
3759,Tienda 339
3762,Tienda 93
3763,Tienda 26
3764,Tienda 351
3774,Tienda 470
3775,Tienda 35
3777,Tienda 168
3778,Tienda 339
3779,Tienda 482
3782,Tienda 495
3790,Tienda 264
3792,Tienda 70
3795,Tienda 218
3800,Tienda 439
3801,Tienda 280
3806,Tienda 113
3807,Tienda 295
3810,Tienda 453
3811,Tienda 175
3812,Tienda 82
3813,Tienda 438
3815,Tienda 433
3823,Tienda 414
3829,Tienda 452
3831,Tienda 258
3833,Tienda 190
3835,Tienda 134
3836,Tienda 33
3839,Tienda 464
3840,Tienda 187
3841,Tienda 330
3842,Tienda 495
3844,Tienda 394
3848,Tienda 179
3851,Tienda 165
3856,Tienda 171
3858,Tienda 270
3860,Tienda 148
3865,Tienda 456
3868,Tienda 195
3871,Tienda 490
3873,Tienda 350
3879,Tienda 453
3880,Tienda 361
3893,Tienda 248
3895,Tienda 319
3896,Tienda 9
3897,Tienda 134
3899,Tienda 294
3900,Tienda 203
3904,Tienda 155
3905,Tienda 145
3906,Tienda 412
3913,Tienda 226
3917,Tienda 47
3919,Tienda 189
3920,Tienda 165
3925,Tienda 411
3926,Tienda 124
3927,Tienda 460
3930,Tienda 141
3935,Tienda 27
3946,Tienda 240
3949,Tienda 294
3953,Tienda 124
3954,Tienda 48
3962,Tienda 282
3963,Tienda 200
3969,Tienda 84
3970,Tienda 67
3972,Tienda 207
3974,Tienda 133
3975,Tienda 470
3982,Tienda 140
3985,Tienda 153
3987,Tienda 115
3991,Tienda 132
3992,Tienda 168
3994,Tienda 179
3996,Tienda 111
3997,Tienda 419
